Region (groups),Sales,Region
West,725457.8245000009,West
Other,678781.2400000001,East
Other,501239.8907999996,Central
Other,391721.9050000006,South
