Region,Sales
East,678781.2400000001
Central,501239.8907999996
South,391721.9050000006
